,Hexagon_ID,geometry,H3_centroids
0,891126d323bffff,"POLYGON ((24.934909298445547 60.1511718333123, 24.937590818035826 60.150482162581845, 24.940045484595654 60.15149378919804, 24.9398186447259 60.153195149775534, 24.937136896299368 60.15388483214084, 24.93468221658927 60.15287314229223, 24.934909298445547 60.1511718333123))",POINT (60.1521835027699 24.937363868216814)
1,891126d3157ffff,"POLYGON ((24.923450031338042 60.1787574935188, 24.926133638627064 60.17806851333714, 24.928589664567628 60.17908057422065, 24.928362096296365 60.18078167851094, 24.925678259772017 60.18147067030821, 24.923222220764693 60.180458546198004, 24.923450031338042 60.1787574935188))",POINT (60.17976959725576 24.925905960292344)
2,891126d3207ffff,"POLYGON ((24.929773477374745 60.15084969526387, 24.932454935395036 60.15016014141121, 24.934909298445547 60.1511718333123, 24.93468221658927 60.15287314229223, 24.932000529724128 60.15356270776584, 24.92954615357056 60.15255095263697, 24.929773477374745 60.15084969526387))",POINT (60.15186142999707 24.932227743620114)
3,891126d0617ffff,"POLYGON ((24.95584595294069 60.18851041885029, 24.958530556101586 60.18782081871579, 24.960989054363253 60.188832545932655, 24.960762962845386 60.190533936539595, 24.958078130399524 60.191223548380776, 24.955619618766995 60.19021175790671, 24.95584595294069 60.18851041885029))",POINT (60.18952218898816 24.958304354276915)
4,891126d3327ffff,"POLYGON ((24.95497225212708 60.17558909073175, 24.95765583235253 60.17489931503148, 24.960113351668927 60.17591092242585, 24.959887304123097 60.17761236877324, 24.95720349478415 60.178302156172414, 24.954745962115016 60.17729048552371, 24.95497225212708 60.17558909073175))",POINT (60.17660074103067 24.957429674588305)
5,891126d307bffff,"POLYGON ((24.9181357523887 60.1604116352804, 24.920817879418816 60.15972250249547, 24.923272294733167 60.16073444729428, 24.923044596031957 60.162435588095306, 24.92036223999964 60.163124732473854, 24.917907811681232 60.162112724456186, 24.9181357523887 60.1604116352804))",POINT (60.16142362290212 24.920590070802053)
6,891126d32a7ffff,"POLYGON ((24.926182027906236 60.158344014772574, 24.92886404934142 60.15765465983295, 24.93131875527781 60.158666476139715, 24.931091452865502 60.16036771061029, 24.92840920247597 60.16105707716432, 24.925954483463567 60.16004519763178, 24.926182027906236 60.158344014772574))",POINT (60.159355873913874 24.92863663698213)
7,891126d31c3ffff,"POLYGON ((24.913171862270964 60.178110785372795, 24.915855345990735 60.1774220390434, 24.918310763891245 60.1784342305571, 24.91808271105465 60.18013523161598, 24.915398998082466 60.180823989533096, 24.91294356720981 60.17981173480206, 24.913171862270964 60.178110785372795))",POINT (60.17912301972134 24.915627183152065)
8,891126d3047ffff,"POLYGON ((24.912999575486197 60.16008864115987, 24.915681640774874 60.15939962523856, 24.9181357523887 60.1604116352804, 24.917907811681232 60.162112724456186, 24.915225517381778 60.16280175195724, 24.912771392811077 60.16178967870117, 24.912999575486197 60.16008864115987))",POINT (60.161100694015346 24.91545359018243)
9,891126d335bffff,"POLYGON ((24.94450217604616 60.15691976692228, 24.947184214851454 60.156229955995464, 24.949639818483043 60.157241513108055, 24.949413396562232 60.15894294438782, 24.946731128867636 60.15963276697765, 24.944275511993666 60.15862114662314, 24.94450217604616 60.15691976692228))",POINT (60.15793136689961 24.94695768289095)
10,891126d069bffff,"POLYGON ((24.943330168791274 60.18515246699157, 24.94601441957535 60.18446311260458, 24.94847199215405 60.18547497300306, 24.94824532721278 60.18717625103244, 24.94556084715733 60.187865617091084, 24.94310326132504 60.1868536934471, 24.943330168791274 60.18515246699157))",POINT (60.186164370285475 24.945787644418637)
11,891126d14b7ffff,"POLYGON ((24.95700787038668 60.16027604944448, 24.959690260963953 60.159585992945736, 24.962146788752758 60.16059741713872, 24.961920939334156 60.16229896108252, 24.959238319854023 60.16298902927925, 24.956781778705857 60.161977541832634, 24.95700787038668 60.16027604944448))",POINT (60.161287516527814 24.959464301414506)
12,891126d333bffff,"POLYGON ((24.950510982887277 60.17016298177679, 24.953194104978174 60.169473229453004, 24.955650989878187 60.17048484123216, 24.955424766005454 60.17218626858298, 24.952741414862704 60.17287603259145, 24.95028451665501 60.17186435756286, 24.950510982887277 60.17016298177679))",POINT (60.171174636446466 24.952967770946927)
13,891126d33a7ffff,"POLYGON ((24.941780749708666 60.177335608057334, 24.944464374471668 60.17664617166746, 24.946921299220385 60.17765797318835, 24.946694612449956 60.17935927434038, 24.944010758516768 60.18004872239447, 24.941553820534708 60.179036857630734, 24.941780749708666 60.177335608057334))",POINT (60.17834745246189 24.944237577544946)
14,891126d14b3ffff,"POLYGON ((24.954777825984117 60.15756307699168, 24.95745998768932 60.15687303218378, 24.959916198505592 60.15788445853599, 24.959690260963953 60.159585992945736, 24.95700787038668 60.16027604944448, 24.954551646233565 60.15926455984107, 24.954777825984117 60.15756307699168))",POINT (60.15857454622721 24.957233940046752)
15,891126d14abffff,"POLYGON ((24.962824205032913 60.155492720344284, 24.965506260649224 60.154802453311056, 24.96796276164518 60.15581375099016, 24.967737220444054 60.15751537895895, 24.96505493600368 60.15820565770376, 24.962598421598972 60.1571942967666, 24.962824205032913 60.155492720344284))",POINT (60.15650406091826 24.96528060931585)
16,891126d33a3ffff,"POLYGON ((24.939551146102634 60.17462250106527, 24.9422345417263 60.17393307633249, 24.944691149300155 60.174944880014195, 24.944464374471668 60.17664617166746, 24.941780749708666 60.177335608057334, 24.939324128923975 60.17632374113523, 24.939551146102634 60.17462250106527))",POINT (60.17563434762359 24.942007656771462)
17,891126d334bffff,"POLYGON ((24.949639818483043 60.157241513108055, 24.95232191875891 60.156551585247634, 24.954777825984117 60.15756307699168, 24.954551646233565 60.15926455984107, 24.95186931707705 60.159954499378415, 24.949413396562232 60.15894294438782, 24.949639818483043 60.157241513108055))",POINT (60.158253047726106 24.952095628938036)
18,891126d1583ffff,"POLYGON ((24.965932099681122 60.171128012822756, 24.968615406054404 60.17043790948933, 24.971073202405485 60.171449324883525, 24.97084770584331 60.17315090687289, 24.968164170444076 60.17384102193282, 24.965706360643455 60.172829543275256, 24.965932099681122 60.171128012822756))",POINT (60.172139471135345 24.968389799241724)
19,891126d33abffff,"POLYGON ((24.94246140457641 60.17223179418705, 24.945144632675337 60.17154226414302, 24.947601227013557 60.17255400458208, 24.947374606498958 60.17425533830623, 24.944691149300155 60.174944880014195, 24.9422345417263 60.17393307633249, 24.94246140457641 60.17223179418705))",POINT (60.17324357750504 24.944917902033648)
20,891126d3147ffff,"POLYGON ((24.928589664567628 60.17908057422065, 24.931273333579544 60.17839147709185, 24.933729663536447 60.17940347262539, 24.93350233760593 60.181104628517474, 24.930818439367254 60.18179373727582, 24.928362096296365 60.18078167851094, 24.928589664567628 60.17908057422065))",POINT (60.18009261261696 24.93104589755489)
21,891126d15c3ffff,"POLYGON ((24.969517613520072 60.16363155447928, 24.97220035570075 60.162941252289876, 24.97465780788229 60.1639525433796, 24.974432531369988 60.16565419992243, 24.971749560272965 60.16634451384476, 24.969292094615017 60.16533315948975, 24.969517613520072 60.16363155447928))",POINT (60.16464288848492 24.97197496896644)
22,891126d3353ffff,"POLYGON ((24.941593305802186 60.15931085227947, 24.944275511993666 60.15862114662314, 24.946731128867636 60.15963276697765, 24.946504552778304 60.16133415622662, 24.943822117658193 60.16202387353916, 24.941366487566548 60.16101218994494, 24.941593305802186 60.15931085227947))",POINT (60.160322515496425 24.94404882586538)
23,891126d32b3ffff,"POLYGON ((24.918819441352273 60.15530830276435, 24.92150117218773 60.15461907629575, 24.923955257813514 60.15563095990245, 24.92372762562071 60.15733213319487, 24.921045665853175 60.15802137125687, 24.91859156722101 60.1570094244315, 24.918819441352273 60.15530830276435))",POINT (60.15632022918931 24.921273430108435)
24,891126d328fffff,"POLYGON ((24.91950293064533 60.150204872827906, 24.922184265402436 60.1495155526889, 24.92463802142681 60.15052737509001, 24.92441045571334 60.152228580847044, 24.92172889209434 60.152917912579184, 24.919275123061198 60.15190602695961, 24.91950293064533 60.150204872827906))",POINT (60.15121673804256 24.921956589831474)
25,891126d3177ffff,"POLYGON ((24.933047619281897 60.184506907695486, 24.935731746778245 60.183817787300484, 24.938188711152623 60.184829778543254, 24.937961561200137 60.186530953415684, 24.935277204415307 60.18722008545446, 24.93282022688193 60.186208030975465, 24.933047619281897 60.184506907695486))",POINT (60.18551894181506 24.935504486671743)
26,891126d306bffff,"POLYGON ((24.923272294733167 60.16073444729428, 24.925954483463567 60.16004519763178, 24.92840920247597 60.16105707716432, 24.928181745819735 60.162758269581296, 24.925499328095636 60.16344753085137, 24.923044596031957 60.162435588095306, 24.923272294733167 60.16073444729428))",POINT (60.161746369659056 24.925726916861084)
27,891126d3337ffff,"POLYGON ((24.949831517989555 60.17526707658208, 24.952515036722286 60.17457741788499, 24.95497225212708 60.17558909073175, 24.954745962115016 60.17729048552371, 24.952062214260163 60.1779801559058, 24.949604985549936 60.17696841980937, 24.949831517989555 60.17526707658208))",POINT (60.176278792324105 24.952288636522532)
28,891126d3323ffff,"POLYGON ((24.952741414862704 60.17287603259145, 24.955424766005454 60.17218626858298, 24.957881968080038 60.173197878177845, 24.95765583235253 60.17489931503148, 24.95497225212708 60.17558909073175, 24.952515036722286 60.17457741788499, 24.952741414862704 60.17287603259145))",POINT (60.173887685083834 24.95519852008948)
29,891126d06d3ffff,"POLYGON ((24.944010758516768 60.18004872239447, 24.946694612449956 60.17935927434038, 24.94915185444078 60.180371073684306, 24.948925255764838 60.182072384326034, 24.946241172630657 60.18276184405148, 24.943783917383936 60.181749981462275, 24.944010758516768 60.18004872239447))",POINT (60.18106056462908 24.94646790358776)
30,891126d31dbffff,"POLYGON ((24.910945131176327 60.17539758867214, 24.9136283856746 60.174708853923335, 24.916083486601682 60.17572104750232, 24.915855345990735 60.1774220390434, 24.913171862270964 60.178110785372795, 24.910716748394158 60.17709852857894, 24.910945131176327 60.17539758867214))",POINT (60.176409825078935 24.913400135091464)
31,891126d3007ffff,"POLYGON ((24.909404082587454 60.16758154320803, 24.91208671144584 60.16689272629494, 24.91454116569801 60.16790486074375, 24.914313004032056 60.16960587531629, 24.91163014605332 60.17029470380258, 24.909175678871463 60.16928250614152, 24.909404082587454 60.16758154320803))",POINT (60.16859372047289 24.911858439866617)
32,891126d0647ffff,"POLYGON ((24.964577335422792 60.1813370327278, 24.967261435340216 60.18064711657755, 24.969719893340592 60.18165865400943, 24.96949426487925 60.18336017085381, 24.966809935795343 60.18405009873118, 24.964351464349754 60.1830384980355, 24.964577335422792 60.1813370327278))",POINT (60.182348613087605 24.967035696569877)
33,891126d15b3ffff,"POLYGON ((24.970396646790228 60.176554038298534, 24.973080411246194 60.175863911505004, 24.97553884228191 60.17687532240258, 24.975313522366836 60.17857692336035, 24.972629528823315 60.179267061894635, 24.97017108429287 60.1782555877288, 24.970396646790228 60.176554038298534))",POINT (60.17756549212857 24.972854981020685)
34,891126d3077ffff,"POLYGON ((24.917451863667353 60.1655148702956, 24.920134387008396 60.16482583120772, 24.922589132098533 60.16583783718512, 24.922361366859853 60.16753894546795, 24.919678614446365 60.16822799614981, 24.91722385635452 60.16721592695331, 24.917451863667353 60.1655148702956))",POINT (60.16652691910069 24.91990651182505)
35,891126d065bffff,"POLYGON ((24.960113351668927 60.17591092242585, 24.962796993345812 60.175221029708474, 24.96525481657128 60.17623257162721, 24.965029011530362 60.17793406952069, 24.9623451407486 60.17862397395093, 24.959887304123097 60.17761236877324, 24.960113351668927 60.17591092242585))",POINT (60.17692250725844 24.96257107805583)
36,891126d336bffff,"POLYGON ((24.959238319854023 60.16298902927925, 24.961920939334156 60.16229896108252, 24.964377784162696 60.1633103831001, 24.964152022903498 60.16501193656888, 24.96146917448985 60.16570201647073, 24.95901231627937 60.16469053119709, 24.959238319854023 60.16298902927925))",POINT (60.16400049419419 24.961695067914203)
37,891126d3123ffff,"POLYGON ((24.93236537558991 60.189610244902475, 24.93504990000561 60.18892121821571, 24.937507194871184 60.1899332705275, 24.937279978488224 60.19163441276093, 24.934595224713632 60.19232345109183, 24.932137916691428 60.191311335543595, 24.93236537558991 60.189610244902475))",POINT (60.19062234009581 24.934822573439483)
38,891126d0607ffff,"POLYGON ((24.960989054363253 60.188832545932655, 24.963673719014963 60.188142828739274, 24.966132521414597 60.18915449043382, 24.965906672591263 60.19085593258198, 24.96322177866324 60.19154566149602, 24.960762962845386 60.190533936539595, 24.960989054363253 60.188832545932655))",POINT (60.189844250557535 24.963447759854084)
39,891126d31a3ffff,"POLYGON ((24.91917032255446 60.191353321312334, 24.92185489104151 60.190664633947996, 24.924311590570458 60.191676880266044, 24.92408373466008 60.193377877171756, 24.921398936757534 60.19406657614549, 24.918942224191426 60.19305426660252, 24.91917032255446 60.191353321312334))",POINT (60.192365610490995 24.921626925010152)
40,891126d3153ffff,"POLYGON ((24.92122220781725 60.17604432414243, 24.923905585901807 60.17535535556924, 24.926361294779344 60.17636741855525, 24.926133638627064 60.17806851333714, 24.923450031338042 60.1787574935188, 24.920994309416223 60.17774536730858, 24.92122220781725 60.17604432414243))",POINT (60.17705642997488 24.923677819715948)
41,891126d300fffff,"POLYGON ((24.912314960794127 60.165191721271704, 24.914997422369662 60.16450279906126, 24.917451863667353 60.1655148702956, 24.91722385635452 60.16721592695331, 24.91454116569801 60.16790486074375, 24.91208671144584 60.16689272629494, 24.912314960794127 60.165191721271704))",POINT (60.16620383532443 24.91476930514281)
42,891126d3183ffff,"POLYGON ((24.90957450066335 60.185603065106044, 24.912258548550145 60.184914517872045, 24.914714309455718 60.18592683374169, 24.914486035429974 60.18762776005907, 24.911801758181017 60.188316318874236, 24.909345984330493 60.18730393978926, 24.90957450066335 60.185603065106044))",POINT (60.186615423812924 24.912030164494002)
43,891126d310bffff,"POLYGON ((24.925678259772017 60.18147067030821, 24.928362096296365 60.18078167851094, 24.930818439367254 60.18179373727582, 24.930590959013422 60.183494851065475, 24.92790689322284 60.184183854485454, 24.92545053706277 60.18317173249148, 24.925678259772017 60.18147067030821))",POINT (60.18248277193351 24.928134505849183)
44,891126d3227ffff,"POLYGON ((24.93936489871707 60.15659783847163, 24.94204687601068 60.15590814446437, 24.94450217604616 60.15691976692228, 24.944275511993666 60.15862114662314, 24.941593305802186 60.15931085227947, 24.939137992571556 60.15829916658429, 24.93936489871707 60.15659783847163))",POINT (60.157609503784975 24.941820101949148)
45,891126d15c7ffff,"POLYGON ((24.971749560272965 60.16634451384476, 24.974432531369988 60.16565419992243, 24.976890300747776 60.166665488783245, 24.976665112538004 60.16836715483262, 24.973981912493926 60.169057480495084, 24.971524129617134 60.168046128366484, 24.971749560272965 60.16634451384476))",POINT (60.16735584562856 24.974207232908277)
46,891126d33cfffff,"POLYGON ((24.9386841139821 60.16170179032398, 24.941366487566548 60.16101218994494, 24.943822117658193 60.16202387353916, 24.943595387368774 60.16372522074834, 24.940912784816327 60.164414832776764, 24.93845714153179 60.16340308594504, 24.9386841139821 60.16170179032398))",POINT (60.162713516778346 24.94113964723899)
47,891126d332fffff,"POLYGON ((24.957881968080038 60.173197878177845, 24.96056538068288 60.17250799716622, 24.963022886621793 60.17351954130407, 24.962796993345812 60.175221029708474, 24.960113351668927 60.17591092242585, 24.95765583235253 60.17489931503148, 24.957881968080038 60.173197878177845))",POINT (60.17420946522252 24.960339377187772)
48,891126d317bffff,"POLYGON ((24.933729663536447 60.17940347262539, 24.93641339422998 60.17871425853546, 24.938870028200736 60.17972618869575, 24.938642944649683 60.18142739618034, 24.935958984737944 60.18211662191372, 24.93350233760593 60.181104628517474, 24.933729663536447 60.17940347262539))",POINT (60.18041544565773 24.9361862005541)
49,891126d3117ffff,"POLYGON ((24.919854484270743 60.18625042013162, 24.922538655840427 60.1855616390177, 24.924995025064835 60.18657382423859, 24.92476723576959 60.188274853796486, 24.922082834854844 60.18896364651943, 24.919626452590894 60.1879513980739, 24.919854484270743 60.18625042013162))",POINT (60.18726264820836 24.92231075645338)
50,891126d3387ffff,"POLYGON ((24.9321828561131 60.17158682638875, 24.934865961003315 60.17089753025326, 24.93732194759502 60.17190940144349, 24.937094842448097 60.17361063200101, 24.93441150844076 60.17429993977256, 24.93195550870799 60.173288005349, 24.9321828561131 60.17158682638875))",POINT (60.17259874043934 24.934638745790597)
51,891126d3107ffff,"POLYGON ((24.924995025064835 60.18657382423859, 24.92767925841413 60.1858849261637, 24.930135931794236 60.18689704602529, 24.929908384922374 60.18859812718949, 24.92722392223655 60.18928703688737, 24.92476723576959 60.188274853796486, 24.924995025064835 60.18657382423859))",POINT (60.18758598696535 24.927451601419765)
52,891126d1517ffff,"POLYGON ((24.976214670286655 60.17177045440491, 24.97889809930858 60.17108011699522, 24.981356503280647 60.17209140134971, 24.981131491785423 60.17379308638493, 24.978447833754867 60.174483435549014, 24.97598941623863 60.173472087921866, 24.976214670286655 60.17177045440491))",POINT (60.17278178169643 24.978672977501482)
53,891126d0653ffff,"POLYGON ((24.95720349478415 60.178302156172414, 24.959887304123097 60.17761236877324, 24.9623451407486 60.17862397395093, 24.96211918142092 60.180325429783, 24.95943514293765 60.18101522888825, 24.95697729293687 60.18000356045377, 24.95720349478415 60.178302156172414))",POINT (60.1793138042617 24.959661234547056)
54,891126d3303ffff,"POLYGON ((24.9431418605306 60.1671278826542, 24.945824692081892 60.16643825896927, 24.948280956097147 60.167449938313055, 24.948054401809426 60.16915130458251, 24.945371341228466 60.16984093993104, 24.94291506397535 60.16882919734489, 24.9431418605306 60.1671278826542))",POINT (60.16813960487213 24.94559802769621)
55,891126d338fffff,"POLYGON ((24.93509315408211 60.16919630921732, 24.937776091519627 60.16850690777742, 24.940232064945473 60.16951871573215, 24.940005114110186 60.17121998836071, 24.93732194759502 60.17190940144349, 24.934865961003315 60.17089753025326, 24.93509315408211 60.16919630921732))",POINT (60.170208160034655 24.9375490306178)
56,891126d068bffff,"POLYGON ((24.94847199215405 60.18547497300306, 24.951156304520133 60.18478550159912, 24.953614181197164 60.185797296540535, 24.953387758819574 60.18749862613443, 24.950703217190767 60.18818810922402, 24.94824532721278 60.18717625103244, 24.94847199215405 60.18547497300306))",POINT (60.186486810849196 24.95092977189641)
57,891126d3313ffff,"POLYGON ((24.93800313030377 60.16680564467473, 24.940685900295378 60.166116137937166, 24.9431418605306 60.1671278826542, 24.94291506397535 60.16882919734489, 24.940232064945473 60.16951871573215, 24.937776091519627 60.16850690777742, 24.93800313030377 60.16680564467473))",POINT (60.16781743225663 24.94045899367283)
58,891126d33dbffff,"POLYGON ((24.93131875527781 60.158666476139715, 24.934000838339582 60.157977004308506, 24.936455847924368 60.1589887553211, 24.936228787581033 60.16069004139373, 24.93354647557348 60.16137952485333, 24.931091452865502 60.16036771061029, 24.93131875527781 60.158666476139715))",POINT (60.15967826999614 24.933773668018645)
59,891126d308fffff,"POLYGON ((24.89913101345385 60.16693436189634, 24.90181351859261 60.166245778696116, 24.90426736515823 60.16725804357979, 24.904038719430886 60.16895895486499, 24.9013559851548 60.16964754961056, 24.898902125753892 60.168635221524, 24.89913101345385 60.16693436189634))",POINT (60.167946669577454 24.901584763013396)
60,891126d3017ffff,"POLYGON ((24.90426736515823 60.16725804357979, 24.906949932177334 60.16656934353013, 24.909404082587454 60.16758154320803, 24.909175678871463 60.16928250614152, 24.906492882723505 60.16997121775045, 24.904038719430886 60.16895895486499, 24.90426736515823 60.16725804357979))",POINT (60.168270286064434 24.906721418578798)
61,891126d314bffff,"POLYGON ((24.929272236358255 60.173977196173325, 24.93195550870799 60.173288005349, 24.93441150844076 60.17429993977256, 24.93418424895064 60.17600112824995, 24.93150074744444 60.176690330703515, 24.929044734595344 60.175678333048886, 24.929272236358255 60.173977196173325))",POINT (60.17498917345491 24.931728139152845)
62,891126d0603ffff,"POLYGON ((24.95875673587678 60.18611943756666, 24.961441171283045 60.18542973208681, 24.963899656149064 60.18644139604419, 24.963673719014963 60.188142828739274, 24.960989054363253 60.188832545932655, 24.958530556101586 60.18782081871579, 24.95875673587678 60.18611943756666))",POINT (60.187131144447385 24.96121512384139)
63,891126d15abffff,"POLYGON ((24.978447833754867 60.174483435549014, 24.981131491785423 60.17379308638493, 24.9835902131555 60.174804368461956, 24.983365290072346 60.17650606297651, 24.980681403002404 60.17719642390208, 24.978222668065502 60.17618507854999, 24.978447833754867 60.174483435549014))",POINT (60.175494760570054 24.980906458360415)
64,891126d3113ffff,"POLYGON ((24.917626538714543 60.183537201127756, 24.92031048096998 60.18284843161579, 24.92276653301914 60.183860618950476, 24.922538655840427 60.1855616390177, 24.919854484270743 60.18625042013162, 24.91739841920455 60.185238169574745, 24.917626538714543 60.183537201127756))",POINT (60.18454943131125 24.9200824937294)
65,891126d159bffff,"POLYGON ((24.963700434397605 60.16841501099364, 24.966383511775728 60.16772491937959, 24.96884099088539 60.168736336997746, 24.968615406054404 60.17043790948933, 24.965932099681122 60.171128012822756, 24.96347460714447 60.17011653194366, 24.963700434397605 60.16841501099364))",POINT (60.1694264715232 24.966157816724134)
66,891126d33cbffff,"POLYGON ((24.936455847924368 60.1589887553211, 24.939137992571556 60.15829916658429, 24.941593305802186 60.15931085227947, 24.941366487566548 60.16101218994494, 24.9386841139821 60.16170179032398, 24.936228787581033 60.16069004139373, 24.936455847924368 60.1589887553211))",POINT (60.160000483869396 24.938911064327637)
67,891126d318bffff,"POLYGON ((24.912486910352644 60.18321360105464, 24.915170790778728 60.182524948475724, 24.917626538714543 60.183537201127756, 24.91739841920455 60.185238169574745, 24.914714309455718 60.18592683374169, 24.912258548550145 60.184914517872045, 24.912486910352644 60.18321360105464))",POINT (60.18422589654624 24.914942561237577)
68,891126d303bffff,"POLYGON ((24.91454116569801 60.16790486074375, 24.91722385635452 60.16721592695331, 24.919678614446365 60.16822799614981, 24.91945069486915 60.1699290623521, 24.91676777510082 60.170618007729715, 24.914313004032056 60.16960587531629, 24.91454116569801 60.16790486074375))",POINT (60.168916972765665 24.916995826833414)
69,891126d337bffff,"POLYGON ((24.954099220637875 60.16266749305402, 24.956781778705857 60.161977541832634, 24.959238319854023 60.16298902927925, 24.95901231627937 60.16469053119709, 24.956329529269127 60.16538049410964, 24.95387297478632 60.16436894341157, 24.954099220637875 60.16266749305402))",POINT (60.16367902338867 24.956555665001083)
70,891126d31abffff,"POLYGON ((24.922082834854844 60.18896364651943, 24.92476723576959 60.188274853796486, 24.92722392223655 60.18928703688737, 24.92699622086124 60.19098807592686, 24.924311590570458 60.191676880266044, 24.92185489104151 60.190664633947996, 24.922082834854844 60.18896364651943))",POINT (60.1899758724733 24.924539424272563)
71,891126d3333ffff,"POLYGON ((24.947601227013557 60.17255400458208, 24.95028451665501 60.17186435756286, 24.952741414862704 60.17287603259145, 24.952515036722286 60.17457741788499, 24.949831517989555 60.17526707658208, 24.947374606498958 60.17425533830623, 24.947601227013557 60.17255400458208))",POINT (60.173565722498935 24.95005802835684)
72,891126d1597ffff,"POLYGON ((24.963022886621793 60.17351954130407, 24.965706360643455 60.172829543275256, 24.968164170444076 60.17384102193282, 24.96793851965835 60.17554256187875, 24.96525481657128 60.17623257162721, 24.962796993345812 60.175221029708474, 24.963022886621793 60.17351954130407))",POINT (60.17453106287773 24.965480599607908)
73,891126d1513ffff,"POLYGON ((24.973981912493926 60.169057480495084, 24.976665112538004 60.16836715483262, 24.979123199179327 60.169378441448366, 24.97889809930858 60.17108011699522, 24.976214670286655 60.17177045440491, 24.973756570123737 60.170759104518936, 24.973981912493926 60.169057480495084))",POINT (60.17006881004085 24.976439902385373)
74,891126d336fffff,"POLYGON ((24.96146917448985 60.16570201647073, 24.964152022903498 60.16501193656888, 24.96660918483901 60.16602335639487, 24.966383511775728 60.16772491937959, 24.963700434397605 60.16841501099364, 24.961243259057664 60.16740352790919, 24.96146917448985 60.16570201647073))",POINT (60.16671347920107 24.963926239649567)
75,891126d302bffff,"POLYGON ((24.919678614446365 60.16822799614981, 24.922361366859853 60.16753894546795, 24.924816428788926 60.16855094938892, 24.924588751339126 60.17025206721173, 24.921905769822317 60.170941129494636, 24.91945069486915 60.1699290623521, 24.919678614446365 60.16822799614981))",POINT (60.169240042905464 24.92213357943554)
76,891126d301bffff,"POLYGON ((24.904953168754673 60.16215524465549, 24.907635339465013 60.16146645086752, 24.91008916028563 60.16247858933869, 24.909860823291314 60.16417958480363, 24.90717842352241 60.16486839015057, 24.90472458981687 60.16385618847205, 24.904953168754673 60.16215524465549))",POINT (60.16316742592871 24.907406892617228)
77,891126d33afffff,"POLYGON ((24.944691149300155 60.174944880014195, 24.947374606498958 60.17425533830623, 24.949831517989555 60.17526707658208, 24.949604985549936 60.17696841980937, 24.946921299220385 60.17765797318835, 24.944464374471668 60.17664617166746, 24.944691149300155 60.174944880014195))",POINT (60.17595666117598 24.94714796390231)
78,891126d31afffff,"POLYGON ((24.924311590570458 60.191676880266044, 24.92699622086124 60.19098807592686, 24.929453224638113 60.19200025687164, 24.92922561121913 60.19370130538362, 24.926540751521404 60.19439012134614, 24.92408373466008 60.193377877171756, 24.924311590570458 60.191676880266044))",POINT (60.192689104080756 24.926768497290617)
79,891126d3087ffff,"POLYGON ((24.89621945339082 60.16932369942019, 24.898902125753892 60.168635221524, 24.9013559851548 60.16964754961056, 24.90112718501366 60.17134841879245, 24.89844428347393 60.17203690822717, 24.89599041126253 60.1710245169399, 24.89621945339082 60.16932369942019))",POINT (60.170336070301914 24.898673215761704)
80,891126d356fffff,"POLYGON ((24.9051212000186 60.18017657988647, 24.907804789273825 60.17948805579351, 24.910259916075535 60.18050037580008, 24.910031466532658 60.18220128310848, 24.90734764797712 60.182889818768366, 24.904892508275285 60.18187743555137, 24.9051212000186 60.18017657988647))",POINT (60.181188942716254 24.907576229760323)
81,891126d33c7ffff,"POLYGON ((24.935774600547635 60.16409258104006, 24.93845714153179 60.16340308594504, 24.940912784816327 60.164414832776764, 24.940685900295378 60.166116137937166, 24.93800313030377 60.16680564467473, 24.935547473851074 60.165793834607726, 24.935774600547635 60.16409258104006))",POINT (60.165104370729615 24.93823014697343)
82,891126d31bbffff,"POLYGON ((24.91694211348842 60.18864007383598, 24.919626452590894 60.1879513980739, 24.922082834854844 60.18896364651943, 24.92185489104151 60.190664633947996, 24.91917032255446 60.191353321312334, 24.916713927275826 60.1903410096443, 24.91694211348842 60.18864007383598))",POINT (60.18965236513514 24.919398398686525)
83,891126d1483ffff,"POLYGON ((24.950318951959048 60.152137154332856, 24.953000656012442 60.1514471328853, 24.955456233085084 60.15245856350747, 24.955230119406668 60.15416007882189, 24.952548186542767 60.15485011194606, 24.95009259617824 60.153838618077586, 24.950318951959048 60.152137154332856))",POINT (60.1531486278243 24.95277443229286)
84,891126d044bffff,"POLYGON ((24.94488032271343 60.19296929222685, 24.947565199806743 60.19228001984829, 24.950023420550046 60.193291939067144, 24.94979677748447 60.19499319391119, 24.94711167101857 60.195682477968894, 24.94465343700136 60.194670495501825, 24.94488032271343 60.19296929222685))",POINT (60.19398125435289 24.947338446466517)
85,891126d33bbffff,"POLYGON ((24.93732194759502 60.17190940144349, 24.940005114110186 60.17121998836071, 24.94246140457641 60.17223179418705, 24.9422345417263 60.17393307633249, 24.939551146102634 60.17462250106527, 24.937094842448097 60.17361063200101, 24.93732194759502 60.17190940144349))",POINT (60.172921250139424 24.93977814116363)
86,891126d3167ffff,"POLYGON ((24.938188711152623 60.184829778543254, 24.94087290031345 60.18414054115929, 24.943330168791274 60.18515246699157, 24.94310326132504 60.1868536934471, 24.940418842884228 60.18754294248882, 24.937961561200137 60.186530953415684, 24.938188711152623 60.184829778543254))",POINT (60.185841747261655 24.940645882662505)
87,891126d3287ffff,"POLYGON ((24.91659362112694 60.152595241841944, 24.919275123061198 60.15190602695961, 24.92172889209434 60.152917912579184, 24.92150117218773 60.15461907629575, 24.918819441352273 60.15530830276435, 24.916365659335092 60.15429635392854, 24.91659362112694 60.152595241841944))",POINT (60.153607170272736 24.919047293297904)
88,891126d3003ffff,"POLYGON ((24.90717842352241 60.16486839015057, 24.909860823291314 60.16417958480363, 24.912314960794127 60.165191721271704, 24.91208671144584 60.16689272629494, 24.909404082587454 60.16758154320803, 24.906949932177334 60.16656934353013, 24.90717842352241 60.16486839015057))",POINT (60.16588056942771 24.90963246405968)
89,891126d15bbffff,"POLYGON ((24.973305819503082 60.174162320026866, 24.97598941623863 60.173472087921866, 24.978447833754867 60.174483435549014, 24.978222668065502 60.17618507854999, 24.97553884228191 60.17687532240258, 24.973080411246194 60.175863911505004, 24.973305819503082 60.174162320026866))",POINT (60.17517371058879 24.975764140238084)
90,891126d3317ffff,"POLYGON ((24.940232064945473 60.16951871573215, 24.94291506397535 60.16882919734489, 24.945371341228466 60.16984093993104, 24.945144632675337 60.17154226414302, 24.94246140457641 60.17223179418705, 24.940005114110186 60.17121998836071, 24.940232064945473 60.16951871573215))",POINT (60.170530501190186 24.942688245325023)
91,891126d3187ffff,"POLYGON ((24.911801758181017 60.188316318874236, 24.914486035429974 60.18762776005907, 24.91694211348842 60.18864007383598, 24.916713927275826 60.1903410096443, 24.914029420633767 60.191029580047804, 24.91157332960795 60.19001720305306, 24.911801758181017 60.188316318874236))",POINT (60.18932867549544 24.91425773915707)
92,891126d060fffff,"POLYGON ((24.963899656149064 60.18644139604419, 24.96658415301342 60.185751573505456, 24.969042941970024 60.18676317193586, 24.96881724751577 60.18846465616757, 24.966132521414597 60.18915449043382, 24.963673719014963 60.188142828739274, 24.963899656149064 60.18644139604419))",POINT (60.187453037407295 24.96635834822091)
93,891126d31d3ffff,"POLYGON ((24.908033326520805 60.17778715800319, 24.910716748394158 60.17709852857894, 24.913171862270964 60.178110785372795, 24.91294356720981 60.17981173480206, 24.910259916075535 60.18050037580008, 24.907804789273825 60.17948805579351, 24.908033326520805 60.17778715800319))",POINT (60.17879945762257 24.910488343361628)
94,891126d3137ffff,"POLYGON ((24.929453224638113 60.19200025687164, 24.932137916691428 60.191311335543595, 24.934595224713632 60.19232345109183, 24.934367853824885 60.194024551200755, 24.931682932373196 60.19471348416607, 24.92922561121913 60.19370130538362, 24.929453224638113 60.19200025687164))",POINT (60.19301241529911 24.931910435620235)
95,891126d1587ffff,"POLYGON ((24.968164170444076 60.17384102193282, 24.97084770584331 60.17315090687289, 24.973305819503082 60.174162320026866, 24.973080411246194 60.175863911505004, 24.970396646790228 60.176554038298534, 24.96793851965835 60.17554256187875, 24.968164170444076 60.17384102193282))",POINT (60.17485247801223 24.970622187305967)
96,891126d0613ffff,"POLYGON ((24.953614181197164 60.185797296540535, 24.95629855510397 60.18510770810562, 24.95875673587678 60.18611943756666, 24.958530556101586 60.18782081871579, 24.95584595294069 60.18851041885029, 24.953387758819574 60.18749862613443, 24.953614181197164 60.185797296540535))",POINT (60.186809068915586 24.956072265051926)
97,891126d3343ffff,"POLYGON ((24.946731128867636 60.15963276697765, 24.949413396562232 60.15894294438782, 24.95186931707705 60.159954499378415, 24.95164298317268 60.1616559402016, 24.948960486558022 60.16234577446158, 24.946504552778304 60.16133415622662, 24.946731128867636 60.15963276697765))",POINT (60.16064436483997 24.949186952588285)
98,891126d06cbffff,"POLYGON ((24.952062214260163 60.1779801559058, 24.954745962115016 60.17729048552371, 24.95720349478415 60.178302156172414, 24.95697729293687 60.18000356045377, 24.95429331592902 60.18069324252798, 24.951835769931915 60.17968150862715, 24.952062214260163 60.1779801559058))",POINT (60.17899186945679 24.954519650050084)
99,891126d0697ffff,"POLYGON ((24.942649380036585 60.19025611372508, 24.945334027788185 60.18956685301852, 24.947791931042328 60.19057877445805, 24.947565199806743 60.19228001984829, 24.94488032271343 60.19296929222685, 24.942422406207935 60.19195730754162, 24.942649380036585 60.19025611372508))",POINT (60.19126807806478 24.94510718630794)
100,891126d3307ffff,"POLYGON ((24.945371341228466 60.16984093993104, 24.948054401809426 60.16915130458251, 24.950510982887277 60.17016298177679, 24.95028451665501 60.17186435756286, 24.947601227013557 60.17255400458208, 24.945144632675337 60.17154226414302, 24.945371341228466 60.16984093993104))",POINT (60.17085266000653 24.947827825449295)
101,891126d330bffff,"POLYGON ((24.946051334388663 60.16473690222543, 24.948733998468207 60.16404717324959, 24.951190249220833 60.165058789348784, 24.95096384916696 60.166760197666775, 24.948280956097147 60.167449938313055, 24.945824692081892 60.16643825896927, 24.946051334388663 60.16473690222543))",POINT (60.16574856120106 24.948507488315688)
102,891126d332bffff,"POLYGON ((24.955650989878187 60.17048484123216, 24.958334173437773 60.16979497191914, 24.96079136215742 60.1708065182599, 24.96056538068288 60.17250799716622, 24.957881968080038 60.173197878177845, 24.955424766005454 60.17218626858298, 24.955650989878187 60.17048484123216))",POINT (60.17149643047274 24.958108081774082)
103,891126d06d7ffff,"POLYGON ((24.946241172630657 60.18276184405148, 24.948925255764838 60.182072384326034, 24.951382815065127 60.18308418147678, 24.951156304520133 60.18478550159912, 24.94847199215405 60.18547497300306, 24.94601441957535 60.18446311260458, 24.946241172630657 60.18276184405148))",POINT (60.18377368409994 24.948698635003648)
104,891126d316fffff,"POLYGON ((24.94109989584032 60.1824393241847, 24.943783917383936 60.181749981462275, 24.946241172630657 60.18276184405148, 24.94601441957535 60.18446311260458, 24.943330168791274 60.18515246699157, 24.94087290031345 60.18414054115929, 24.94109989584032 60.1824393241847))",POINT (60.18345122966228 24.943557054143156)
105,891126d3043ffff,"POLYGON ((24.910774037877076 60.15737553792869, 24.913455874185853 60.15668653358004, 24.915909669162314 60.157698545629835, 24.915681640774874 60.15939962523856, 24.912999575486197 60.16008864115987, 24.91054576757524 60.15907656589825, 24.910774037877076 60.15737553792869))",POINT (60.15838759278516 24.91322773594335)
106,891126d0683ffff,"POLYGON ((24.94556084715733 60.187865617091084, 24.94824532721278 60.18717625103244, 24.950703217190767 60.18818810922402, 24.950476640399945 60.18988939672059, 24.947791931042328 60.19057877445805, 24.945334027788185 60.18956685301852, 24.94556084715733 60.187865617091084))",POINT (60.18887751818509 24.948018640176603)
107,891126d3103ffff,"POLYGON ((24.92276653301914 60.183860618950476, 24.92545053706277 60.18317173249148, 24.92790689322284 60.184183854485454, 24.92767925841413 60.1858849261637, 24.924995025064835 60.18657382423859, 24.922538655840427 60.1855616390177, 24.92276653301914 60.183860618950476))",POINT (60.18487278380261 24.92522279216145)
108,891126d3217ffff,"POLYGON ((24.92463802142681 60.15052737509001, 24.92731941783605 60.14983793810114, 24.929773477374745 60.15084969526387, 24.92954615357056 60.15255095263697, 24.92686452830793 60.153240401232885, 24.92441045571334 60.152228580847044, 24.92463802142681 60.15052737509001))",POINT (60.151539175075555 24.927091984143818)
109,891126d33b7ffff,"POLYGON ((24.93664056576877 60.17701306054995, 24.939324128923975 60.17632374113523, 24.941780749708666 60.177335608057334, 24.941553820534708 60.179036857630734, 24.938870028200736 60.17972618869575, 24.93641339422998 60.17871425853546, 24.93664056576877 60.17701306054995))",POINT (60.17802497034641 24.939097089624436)
110,891126d0643ffff,"POLYGON ((24.9623451407486 60.17862397395093, 24.965029011530362 60.17793406952069, 24.967487152109612 60.17894560920409, 24.967261435340216 60.18064711657755, 24.964577335422792 60.1813370327278, 24.96211918142092 60.180325429783, 24.9623451407486 60.17862397395093))",POINT (60.179635556555205 24.964803184481926)
111,891126d1487ffff,"POLYGON ((24.952548186542767 60.15485011194606, 24.955230119406668 60.15416007882189, 24.95768601331752 60.155171507317164, 24.95745998768932 60.15687303218378, 24.954777825984117 60.15756307699168, 24.95232191875891 60.156551585247634, 24.952548186542767 60.15485011194606))",POINT (60.155861583317616 24.95500398370742)
112,891126d1493ffff,"POLYGON ((24.945182035781325 60.15181556288398, 24.94786367838816 60.15112565835612, 24.950318951959048 60.152137154332856, 24.95009259617824 60.153838618077586, 24.94741072475232 60.15452853426817, 24.94495543793679 60.15351697504972, 24.945182035781325 60.15181556288398))",POINT (60.15282710172074 24.947637212596824)
113,891126d338bffff,"POLYGON ((24.932864765460398 60.166483224411905, 24.935547473851074 60.165793834607726, 24.93800313030377 60.16680564467473, 24.937776091519627 60.16850690777742, 24.93509315408211 60.16919630921732, 24.932637484486047 60.16818443591725, 24.932864765460398 60.166483224411905))",POINT (60.16749507733448 24.935320325030318)
114,891126d06bbffff,"POLYGON ((24.952934847844574 60.19090125268904, 24.955619618766995 60.19021175790671, 24.958078130399524 60.191223548380776, 24.957851884466248 60.192924896890666, 24.95516688421939 60.19361440337288, 24.952708359240784 60.192602549643745, 24.952934847844574 60.19090125268904))",POINT (60.191913086081904 24.95539326252763)
115,891126d064fffff,"POLYGON ((24.967487152109612 60.17894560920409, 24.97017108429287 60.1782555877288, 24.972629528823315 60.179267061894635, 24.97240405465088 60.1809686208002, 24.969719893340592 60.18165865400943, 24.967261435340216 60.18064711657755, 24.967487152109612 60.17894560920409))",POINT (60.17995712630009 24.969945499810745)
116,891126d3377ffff,"POLYGON ((24.953420416959673 60.16777181161406, 24.956103371506817 60.1670819539925, 24.95856024307442 60.168093502519994, 24.958334173437773 60.16979497191914, 24.955650989878187 60.17048484123216, 24.953194104978174 60.169473229453004, 24.953420416959673 60.16777181161406))",POINT (60.16878340303436 24.955877191710904)
117,891126d3373ffff,"POLYGON ((24.951190249220833 60.165058789348784, 24.95387297478632 60.16436894341157, 24.956329529269127 60.16538049410964, 24.956103371506817 60.1670819539925, 24.953420416959673 60.16777181161406, 24.95096384916696 60.166760197666775, 24.951190249220833 60.165058789348784))",POINT (60.166070382932595 24.953646706894652)
118,891126d06c3ffff,"POLYGON ((24.94915185444078 60.180371073684306, 24.951835769931915 60.17968150862715, 24.95429331592902 60.18069324252798, 24.9540669597487 60.18239460473433, 24.951382815065127 60.18308418147678, 24.948925255764838 60.182072384326034, 24.94915185444078 60.180371073684306))",POINT (60.18138285048515 24.95160930353464)
119,891126d30a3ffff,"POLYGON ((24.903581361163965 60.17236074488325, 24.90626432460825 60.17167213858521, 24.908718804695045 60.172684399456294, 24.908490334228162 60.174385329831594, 24.905807141584777 60.1750739476892, 24.9033526486179 60.174061623610314, 24.903581361163965 60.17236074488325))",POINT (60.173373048565786 24.90603574422975)
120,891126d06abffff,"POLYGON ((24.958078130399524 60.191223548380776, 24.960762962845386 60.190533936539595, 24.96322177866324 60.19154566149602, 24.962995775439236 60.19324706155173, 24.96031071367755 60.193936685106756, 24.957851884466248 60.192924896890666, 24.958078130399524 60.191223548380776))",POINT (60.19223531626529 24.960536849284562)
121,891126d31cfffff,"POLYGON ((24.918310763891245 60.1784342305571, 24.920994309416223 60.17774536730858, 24.923450031338042 60.1787574935188, 24.923222220764693 60.180458546198004, 24.92053844599584 60.18114742104821, 24.91808271105465 60.18013523161598, 24.918310763891245 60.1784342305571))",POINT (60.17944639961148 24.92076638881016)
122,891126d32afffff,"POLYGON ((24.929091439557144 60.15595343492449, 24.93177329370391 60.1552639747145, 24.934227986539533 60.156275727793286, 24.934000838339582 60.157977004308506, 24.93131875527781 60.158666476139715, 24.92886404934142 60.15765465983295, 24.929091439557144 60.15595343492449))",POINT (60.156965230840136 24.93154603555619)
123,891126d334fffff,"POLYGON ((24.95186931707705 60.159954499378415, 24.954551646233565 60.15926455984107, 24.95700787038668 60.16027604944448, 24.956781778705857 60.161977541832634, 24.954099220637875 60.16266749305402, 24.95164298317268 60.1616559402016, 24.95186931707705 60.159954499378415))",POINT (60.16096603186285 24.95432544445257)
124,891126d3057ffff,"POLYGON ((24.907863764069074 60.159765464969944, 24.91054576757524 60.15907656589825, 24.912999575486197 60.16008864115987, 24.912771392811077 60.16178967870117, 24.91008916028563 60.16247858933869, 24.907635339465013 60.16146645086752, 24.907863764069074 60.159765464969944))",POINT (60.1607775830359 24.910317475045858)
125,891126d14a3ffff,"POLYGON ((24.959916198505592 60.15788445853599, 24.962598421598972 60.1571942967666, 24.96505493600368 60.15820565770376, 24.964829240709598 60.159907243664556, 24.962146788752758 60.16059741713872, 24.959690260963953 60.159585992945736, 24.959916198505592 60.15788445853599))",POINT (60.15889586236575 24.962372616173308)
126,891126d064bffff,"POLYGON ((24.96525481657128 60.17623257162721, 24.96793851965835 60.17554256187875, 24.970396646790228 60.176554038298534, 24.97017108429287 60.1782555877288, 24.967487152109612 60.17894560920409, 24.965029011530362 60.17793406952069, 24.96525481657128 60.17623257162721))",POINT (60.17724409097015 24.967712846881263)
127,891126d3163ffff,"POLYGON ((24.935958984737944 60.18211662191372, 24.938642944649683 60.18142739618034, 24.94109989584032 60.1824393241847, 24.94087290031345 60.18414054115929, 24.938188711152623 60.184829778543254, 24.935731746778245 60.183817787300484, 24.935958984737944 60.18211662191372))",POINT (60.18312859279716 24.938415838968055)
128,891126d3027ffff,"POLYGON ((24.91899478910604 60.173331162204356, 24.921677938017034 60.17264220523251, 24.924133329898808 60.17365427030484, 24.923905585901807 60.17535535556924, 24.92122220781725 60.17604432414243, 24.918766802913705 60.17503219584831, 24.91899478910604 60.173331162204356))",POINT (60.17434327011608 24.921450084016424)
129,891126d045bffff,"POLYGON ((24.939737590753367 60.19264646288933, 24.942422406207935 60.19195730754162, 24.94488032271343 60.19296929222685, 24.94465343700136 60.194670495501825, 24.941968392165602 60.19535966251475, 24.939510462433525 60.19434761458594, 24.939737590753367 60.19264646288933))",POINT (60.19365849047248 24.942195410251973)
130,891126d3143ffff,"POLYGON ((24.926361294779344 60.17636741855525, 24.929044734595344 60.175678333048886, 24.93150074744444 60.176690330703515, 24.931273333579544 60.17839147709185, 24.928589664567628 60.17908057422065, 24.926133638627064 60.17806851333714, 24.926361294779344 60.17636741855525))",POINT (60.17737945906562 24.92881721066624)
131,891126d3173ffff,"POLYGON ((24.930818439367254 60.18179373727582, 24.93350233760593 60.181104628517474, 24.935958984737944 60.18211662191372, 24.935731746778245 60.183817787300484, 24.933047619281897 60.184506907695486, 24.930590959013422 60.183494851065475, 24.930818439367254 60.18179373727582))",POINT (60.18280577354182 24.933274989522147)
132,891126d15a3ffff,"POLYGON ((24.97553884228191 60.17687532240258, 24.978222668065502 60.17618507854999, 24.980681403002404 60.17719642390208, 24.98045632570823 60.17889807637805, 24.977772270845783 60.1795883319853, 24.975313522366836 60.17857692336035, 24.97553884228191 60.17687532240258))",POINT (60.17788671069644 24.97799748043022)
133,891126d30afffff,"POLYGON ((24.908718804695045 60.172684399456294, 24.91140183000271 60.171995676280986, 24.913856614023576 60.17300787190907, 24.9136283856746 60.174708853923335, 24.910945131176327 60.17539758867214, 24.908490334228162 60.174385329831594, 24.908718804695045 60.172684399456294))",POINT (60.17369663790517 24.91117349171143)
134,891126d060bffff,"POLYGON ((24.961667196691323 60.1837283088539, 24.964351464349754 60.1830384980355, 24.966809935795343 60.18405009873118, 24.96658415301342 60.185751573505456, 24.963899656149064 60.18644139604419, 24.961441171283045 60.18542973208681, 24.961667196691323 60.1837283088539))",POINT (60.18473995247525 24.964125571259572)
135,891126d158fffff,"POLYGON ((24.971073202405485 60.171449324883525, 24.973756570123737 60.170759104518936, 24.976214670286655 60.17177045440491, 24.97598941623863 60.173472087921866, 24.973305819503082 60.174162320026866, 24.97084770584331 60.17315090687289, 24.971073202405485 60.171449324883525))",POINT (60.17246071769719 24.973531205794533)
136,891126d313bffff,"POLYGON ((24.930135931794236 60.18689704602529, 24.93282022688193 60.186208030975465, 24.935277204415307 60.18722008545446, 24.93504990000561 60.18892121821571, 24.93236537558991 60.189610244902475, 24.929908384922374 60.18859812718949, 24.930135931794236 60.18689704602529))",POINT (60.18790914337879 24.932592812319026)
137,891126d318fffff,"POLYGON ((24.914714309455718 60.18592683374169, 24.91739841920455 60.185238169574745, 24.919854484270743 60.18625042013162, 24.919626452590894 60.1879513980739, 24.91694211348842 60.18864007383598, 24.914486035429974 60.18762776005907, 24.914714309455718 60.18592683374169))",POINT (60.18693912714513 24.917170277463565)
138,891126d14bbffff,"POLYGON ((24.95768601331752 60.155171507317164, 24.96036800757822 60.154481357245444, 24.962824205032913 60.155492720344284, 24.962598421598972 60.1571942967666, 24.959916198505592 60.15788445853599, 24.95745998768932 60.15687303218378, 24.95768601331752 60.155171507317164))",POINT (60.156182913301556 24.960142114042593)
139,891126d3033ffff,"POLYGON ((24.91163014605332 60.17029470380258, 24.914313004032056 60.16960587531629, 24.91676777510082 60.170618007729715, 24.916539701153475 60.172319031842484, 24.913856614023576 60.17300787190907, 24.91140183000271 60.171995676280986, 24.91163014605332 60.17029470380258))",POINT (60.17130687903905 24.91408482014164)
140,891126d15d7ffff,"POLYGON ((24.96660918483901 60.16602335639487, 24.969292094615017 60.16533315948975, 24.971749560272965 60.16634451384476, 24.971524129617134 60.168046128366484, 24.96884099088539 60.168736336997746, 24.966383511775728 60.16772491937959, 24.96660918483901 60.16602335639487))",POINT (60.167034753663565 24.969066553737875)
141,891126d300bffff,"POLYGON ((24.91008916028563 60.16247858933869, 24.912771392811077 60.16178967870117, 24.915225517381778 60.16280175195724, 24.914997422369662 60.16450279906126, 24.912314960794127 60.165191721271704, 24.909860823291314 60.16417958480363, 24.91008916028563 60.16247858933869))",POINT (60.16349070540613 24.912543187914768)
142,891126d3063ffff,"POLYGON ((24.92036223999964 60.163124732473854, 24.923044596031957 60.162435588095306, 24.925499328095636 60.16344753085137, 24.92527171716391 60.16514868120576, 24.922589132098533 60.16583783718512, 24.920134387008396 60.16482583120772, 24.92036223999964 60.163124732473854))",POINT (60.1641367180599 24.922816875154833)
143,891126d3363ffff,"POLYGON ((24.956329529269127 60.16538049410964, 24.95901231627937 60.16469053119709, 24.96146917448985 60.16570201647073, 24.961243259057664 60.16740352790919, 24.95856024307442 60.168093502519994, 24.956103371506817 60.1670819539925, 24.956329529269127 60.16538049410964))",POINT (60.166392022278345 24.95878629068723)
144,891126d33d3ffff,"POLYGON ((24.92840920247597 60.16105707716432, 24.931091452865502 60.16036771061029, 24.93354647557348 60.16137952485333, 24.933319261000886 60.16308076887696, 24.93063678162617 60.16377014705252, 24.928181745819735 60.162758269581296, 24.92840920247597 60.16105707716432))",POINT (60.16206893424887 24.930864128316045)
145,891126d322bffff,"POLYGON ((24.940045484595654 60.15149378919804, 24.942727065714696 60.1508040015759, 24.945182035781325 60.15181556288398, 24.94495543793679 60.15351697504972, 24.94227362798998 60.154206774320684, 24.9398186447259 60.153195149775534, 24.940045484595654 60.15149378919804))",POINT (60.152505393356876 24.942500357890257)
146,891126d3233ffff,"POLYGON ((24.932000529724128 60.15356270776584, 24.93468221658927 60.15287314229223, 24.937136896299368 60.15388483214084, 24.93690990228031 60.155586150691654, 24.934227986539533 60.156275727793286, 24.93177329370391 60.1552639747145, 24.932000529724128 60.15356270776584))",POINT (60.15457444045356 24.93445511262167)
147,891126d312fffff,"POLYGON ((24.937507194871184 60.1899332705275, 24.940191780975443 60.18924412683781, 24.942649380036585 60.19025611372508, 24.942422406207935 60.19195730754162, 24.939737590753367 60.19264646288933, 24.937279978488224 60.19163441276093, 24.937507194871184 60.1899332705275))",POINT (60.19094530030562 24.939964696932893)
148,891126d306fffff,"POLYGON ((24.925499328095636 60.16344753085137, 24.928181745819735 60.162758269581296, 24.93063678162617 60.16377014705252, 24.930409412792713 60.1654713490182, 24.92772676604408 60.16616062190297, 24.92527171716391 60.16514868120576, 24.925499328095636 60.16344753085137))",POINT (60.16445945116183 24.92795426701015)
149,891126d3367ffff,"POLYGON ((24.95856024307442 60.168093502519994, 24.961243259057664 60.16740352790919, 24.963700434397605 60.16841501099364, 24.96347460714447 60.17011653194366, 24.96079136215742 60.1708065182599, 24.958334173437773 60.16979497191914, 24.95856024307442 60.168093502519994))",POINT (60.16910502850654 24.961017321614605)
150,891126d158bffff,"POLYGON ((24.96884099088539 60.168736336997746, 24.971524129617134 60.168046128366484, 24.973981912493926 60.169057480495084, 24.973756570123737 60.170759104518936, 24.971073202405485 60.171449324883525, 24.968615406054404 60.17043790948933, 24.96884099088539 60.168736336997746))",POINT (60.16974773204704 24.971298676995698)
151,891126d339bffff,"POLYGON ((24.92772676604408 60.16616062190297, 24.930409412792713 60.1654713490182, 24.932864765460398 60.166483224411905, 24.932637484486047 60.16818443591725, 24.929954608682035 60.16887372042383, 24.927499242918266 60.167861781801705, 24.92772676604408 60.16616062190297))",POINT (60.167172540142964 24.930182021812417)
152,891126d3023ffff,"POLYGON ((24.91676777510082 60.170618007729715, 24.91945069486915 60.1699290623521, 24.921905769822317 60.170941129494636, 24.921677938017034 60.17264220523251, 24.91899478910604 60.173331162204356, 24.916539701153475 60.172319031842484, 24.91676777510082 60.170618007729715))",POINT (60.17163011770462 24.919222753090114)
153,891126d31d7ffff,"POLYGON ((24.910259916075535 60.18050037580008, 24.91294356720981 60.17981173480206, 24.915398998082466 60.180823989533096, 24.915170790778728 60.182524948475724, 24.912486910352644 60.18321360105464, 24.910031466532658 60.18220128310848, 24.910259916075535 60.18050037580008))",POINT (60.18151267336366 24.912715249904775)
154,891126d3223ffff,"POLYGON ((24.937136896299368 60.15388483214084, 24.9398186447259 60.153195149775534, 24.94227362798998 60.154206774320684, 24.94204687601068 60.15590814446437, 24.93936489871707 60.15659783847163, 24.93690990228031 60.155586150691654, 24.937136896299368 60.15388483214084))",POINT (60.1548964995344 24.939591782767437)
155,891126d067bffff,"POLYGON ((24.969719893340592 60.18165865400943, 24.97240405465088 60.1809686208002, 24.974862816647164 60.18198009269586, 24.974637430836157 60.18368166106764, 24.97195304036807 60.18437170601797, 24.96949426487925 60.18336017085381, 24.969719893340592 60.18165865400943))",POINT (60.18267016884231 24.972178558500204)
156,891126d3383ffff,"POLYGON ((24.929954608682035 60.16887372042383, 24.932637484486047 60.16818443591725, 24.93509315408211 60.16919630921732, 24.934865961003315 60.17089753025326, 24.9321828561131 60.17158682638875, 24.929727173398394 60.17057488985783, 24.929954608682035 60.16887372042383))",POINT (60.169885636577206 24.93241018137133)
157,891126d322fffff,"POLYGON ((24.94227362798998 60.154206774320684, 24.94495543793679 60.15351697504972, 24.94741072475232 60.15452853426817, 24.947184214851454 60.156229955995464, 24.94450217604616 60.15691976692228, 24.94204687601068 60.15590814446437, 24.94227362798998 60.154206774320684))",POINT (60.15521837639684 24.94472881802612)
158,891126d31cbffff,"POLYGON ((24.916083486601682 60.17572104750232, 24.918766802913705 60.17503219584831, 24.92122220781725 60.17604432414243, 24.920994309416223 60.17774536730858, 24.918310763891245 60.1784342305571, 24.915855345990735 60.1774220390434, 24.916083486601682 60.17572104750232))",POINT (60.17673321863356 24.918538794509832)
159,891126d33b3ffff,"POLYGON ((24.93441150844076 60.17429993977256, 24.937094842448097 60.17361063200101, 24.939551146102634 60.17462250106527, 24.939324128923975 60.17632374113523, 24.93664056576877 60.17701306054995, 24.93418424895064 60.17600112824995, 24.93441150844076 60.17429993977256))",POINT (60.175311851704144 24.936867715173737)
160,891126d312bffff,"POLYGON ((24.935277204415307 60.18722008545446, 24.937961561200137 60.186530953415684, 24.940418842884228 60.18754294248882, 24.940191780975443 60.18924412683781, 24.937507194871184 60.1899332705275, 24.93504990000561 60.18892121821571, 24.935277204415307 60.18722008545446))",POINT (60.188232117411424 24.937734389107423)
161,891126d32abffff,"POLYGON ((24.92686452830793 60.153240401232885, 24.92954615357056 60.15255095263697, 24.932000529724128 60.15356270776584, 24.93177329370391 60.1552639747145, 24.929091439557144 60.15595343492449, 24.926637050325198 60.15494161657013, 24.92686452830793 60.153240401232885))",POINT (60.15425219919152 24.92931880763242)
162,891126d061bffff,"POLYGON ((24.95652482310001 60.18340633642334, 24.959209029291593 60.1827166426499, 24.961667196691323 60.1837283088539, 24.961441171283045 60.18542973208681, 24.95875673587678 60.18611943756666, 24.95629855510397 60.18510770810562, 24.95652482310001 60.18340633642334))",POINT (60.18441804554369 24.958982893605725)
163,891126d1593ffff,"POLYGON ((24.96079136215742 60.1708065182599, 24.96347460714447 60.17011653194366, 24.965932099681122 60.171128012822756, 24.965706360643455 60.172829543275256, 24.963022886621793 60.17351954130407, 24.96056538068288 60.17250799716622, 24.96079136215742 60.1708065182599))",POINT (60.171818042048116 24.963248757886944)
164,891126d3067ffff,"POLYGON ((24.922589132098533 60.16583783718512, 24.92527171716391 60.16514868120576, 24.92772676604408 60.16616062190297, 24.927499242918266 60.167861781801705, 24.924816428788926 60.16855094938892, 24.922361366859853 60.16753894546795, 24.922589132098533 60.16583783718512))",POINT (60.16684982071928 24.925044084062765)
165,891126d31c7ffff,"POLYGON ((24.915398998082466 60.180823989533096, 24.91808271105465 60.18013523161598, 24.92053844599584 60.18114742104821, 24.92031048096998 60.18284843161579, 24.917626538714543 60.183537201127756, 24.915170790778728 60.182524948475724, 24.915398998082466 60.180823989533096))",POINT (60.18183622180717 24.917854635996825)
166,891126d15dbffff,"POLYGON ((24.967286072131508 60.160918602423855, 24.969968585426678 60.16022831196031, 24.972425720479126 60.16123960526266, 24.97220035570075 60.162941252289876, 24.969517613520072 60.16363155447928, 24.96706046501373 60.16262019791401, 24.967286072131508 60.160918602423855))",POINT (60.16192993863514 24.969743110456236)
167,891126d06cfffff,"POLYGON ((24.95429331592902 60.18069324252798, 24.95697729293687 60.18000356045377, 24.95943514293765 60.18101522888825, 24.959209029291593 60.1827166426499, 24.95652482310001 60.18340633642334, 24.9540669597487 60.18239460473433, 24.95429331592902 60.18069324252798))",POINT (60.18170495387174 24.956751069043204)
168,891126d30b3ffff,"POLYGON ((24.89844428347393 60.17203690822717, 24.90112718501366 60.17134841879245, 24.903581361163965 60.17236074488325, 24.9033526486179 60.174061623610314, 24.90066951787058 60.17475012459067, 24.8982153288874 60.17373773529674, 24.89844428347393 60.17203690822717))",POINT (60.17304927712016 24.900898362586666)
169,891126d06dbffff,"POLYGON ((24.946921299220385 60.17765797318835, 24.949604985549936 60.17696841980937, 24.952062214260163 60.1779801559058, 24.951835769931915 60.17968150862715, 24.94915185444078 60.180371073684306, 24.946694612449956 60.17935927434038, 24.946921299220385 60.17765797318835))",POINT (60.178669752177775 24.949378431034752)
170,891126d311bffff,"POLYGON ((24.92053844599584 60.18114742104821, 24.923222220764693 60.180458546198004, 24.925678259772017 60.18147067030821, 24.92545053706277 60.18317173249148, 24.92276653301914 60.183860618950476, 24.92031048096998 60.18284843161579, 24.92053844599584 60.18114742104821))",POINT (60.182159588009576 24.922994387992848)
171,891126d1417ffff,"POLYGON ((24.960593879115674 60.152779790370595, 24.96327570593867 60.15208953504185, 24.9657318900071 60.15310083488504, 24.965506260649224 60.154802453311056, 24.962824205032913 60.155492720344284, 24.96036800757822 60.154481357245444, 24.960593879115674 60.152779790370595))",POINT (60.153791133101684 24.963049966478433)
172,891126d330fffff,"POLYGON ((24.948280956097147 60.167449938313055, 24.95096384916696 60.166760197666775, 24.953420416959673 60.16777181161406, 24.953194104978174 60.169473229453004, 24.950510982887277 60.17016298177679, 24.948054401809426 60.16915130458251, 24.948280956097147 60.167449938313055))",POINT (60.16846159514381 24.95073742705685)
173,891126d302fffff,"POLYGON ((24.921905769822317 60.170941129494636, 24.924588751339126 60.17025206721173, 24.927044130174306 60.171264069060065, 24.926816540549748 60.172965196413756, 24.924133329898808 60.17365427030484, 24.921677938017034 60.17264220523251, 24.921905769822317 60.170941129494636))",POINT (60.17195317418468 24.92436105171015)
174,891126d14a7ffff,"POLYGON ((24.962146788752758 60.16059741713872, 24.964829240709598 60.159907243664556, 24.967286072131508 60.160918602423855, 24.96706046501373 60.16262019791401, 24.964377784162696 60.1633103831001, 24.961920939334156 60.16229896108252, 24.962146788752758 60.16059741713872))",POINT (60.16160881879764 24.964603523430323)
175,891126d33d7ffff,"POLYGON ((24.93063678162617 60.16377014705252, 24.933319261000886 60.16308076887696, 24.935774600547635 60.16409258104006, 24.935547473851074 60.165793834607726, 24.932864765460398 60.166483224411905, 24.930409412792713 60.1654713490182, 24.93063678162617 60.16377014705252))",POINT (60.16478200206416 24.933092024297583)
176,891126d15b7ffff,"POLYGON ((24.972629528823315 60.179267061894635, 24.975313522366836 60.17857692336035, 24.977772270845783 60.1795883319853, 24.977547039309 60.181289942413684, 24.974862816647164 60.18198009269586, 24.97240405465088 60.1809686208002, 24.972629528823315 60.179267061894635))",POINT (60.18027851345908 24.975088180489642)
177,891126d14afffff,"POLYGON ((24.96505493600368 60.15820565770376, 24.967737220444054 60.15751537895895, 24.97019403843466 60.15852667445779, 24.969968585426678 60.16022831196031, 24.967286072131508 60.160918602423855, 24.964829240709598 60.159907243664556, 24.96505493600368 60.15820565770376))",POINT (60.15921699610451 24.96751165727389)
178,891126d06a3ffff,"POLYGON ((24.95516688421939 60.19361440337288, 24.957851884466248 60.192924896890666, 24.96031071367755 60.193936685106756, 24.960084556021172 60.19563804306101, 24.957399326419004 60.19632756125027, 24.954940483839028 60.19531570977667, 24.95516688421939 60.19361440337288))",POINT (60.19462623451479 24.957625616473788)
179,891126d0657ffff,"POLYGON ((24.95943514293765 60.18101522888825, 24.96211918142092 60.180325429783, 24.964577335422792 60.1813370327278, 24.964351464349754 60.1830384980355, 24.961667196691323 60.1837283088539, 24.959209029291593 60.1827166426499, 24.95943514293765 60.18101522888825))",POINT (60.18202687475165 24.96189320006959)
180,891126d33c3ffff,"POLYGON ((24.93354647557348 60.16137952485333, 24.936228787581033 60.16069004139373, 24.9386841139821 60.16170179032398, 24.93845714153179 60.16340308594504, 24.935774600547635 60.16409258104006, 24.933319261000886 60.16308076887696, 24.93354647557348 60.16137952485333))",POINT (60.1623913166344 24.9360017051232)
181,891126d32a3ffff,"POLYGON ((24.923955257813514 60.15563095990245, 24.926637050325198 60.15494161657013, 24.929091439557144 60.15595343492449, 24.92886404934142 60.15765465983295, 24.926182027906236 60.158344014772574, 24.92372762562071 60.15733213319487, 24.923955257813514 60.15563095990245))",POINT (60.156642821084354 24.926409550192382)
182,891126d314fffff,"POLYGON ((24.93150074744444 60.176690330703515, 24.93418424895064 60.17600112824995, 24.93664056576877 60.17701306054995, 24.93641339422998 60.17871425853546, 24.933729663536447 60.17940347262539, 24.931273333579544 60.17839147709185, 24.93150074744444 60.176690330703515))",POINT (60.17770230586854 24.93395696731693)
183,891126d319bffff,"POLYGON ((24.90734764797712 60.182889818768366, 24.910031466532658 60.18220128310848, 24.912486910352644 60.18321360105464, 24.912258548550145 60.184914517872045, 24.90957450066335 60.185603065106044, 24.907119043920837 60.184590683946965, 24.90734764797712 60.182889818768366))",POINT (60.18390217954481 24.909802994729656)
184,891126d356bffff,"POLYGON ((24.902895156684295 60.17746334848548, 24.905578516670126 60.176774835952386, 24.908033326520805 60.17778715800319, 24.907804789273825 60.17948805579351, 24.9051212000186 60.18017657988647, 24.90266637729027 60.17916419462766, 24.902895156684295 60.17746334848548))",POINT (60.1784757133525 24.90534986948244)
185,891126d30a7ffff,"POLYGON ((24.905807141584777 60.1750739476892, 24.908490334228162 60.174385329831594, 24.910945131176327 60.17539758867214, 24.910716748394158 60.17709852857894, 24.908033326520805 60.17778715800319, 24.905578516670126 60.176774835952386, 24.905807141584777 60.1750739476892))",POINT (60.17608624934822 24.908261841504476)
186,891126d068fffff,"POLYGON ((24.950703217190767 60.18818810922402, 24.953387758819574 60.18749862613443, 24.95584595294069 60.18851041885029, 24.955619618766995 60.19021175790671, 24.952934847844574 60.19090125268904, 24.950476640399945 60.18988939672059, 24.950703217190767 60.18818810922402))",POINT (60.1891999448516 24.953161314369783)
187,891126d3393ffff,"POLYGON ((24.924816428788926 60.16855094938892, 24.927499242918266 60.167861781801705, 24.929954608682035 60.16887372042383, 24.929727173398394 60.17057488985783, 24.927044130174306 60.171264069060065, 24.924588751339126 60.17025206721173, 24.924816428788926 60.16855094938892))",POINT (60.169562930855044 24.92727169762939)
188,891126d0673ffff,"POLYGON ((24.966809935795343 60.18405009873118, 24.96949426487925 60.18336017085381, 24.97195304036807 60.18437170601797, 24.971727500251248 60.18607323232422, 24.969042941970024 60.18676317193586, 24.96658415301342 60.185751573505456, 24.966809935795343 60.18405009873118))",POINT (60.185061676830266 24.96926861442347)
189,891126d30abffff,"POLYGON ((24.906492882723505 60.16997121775045, 24.909175678871463 60.16928250614152, 24.91163014605332 60.17029470380258, 24.91140183000271 60.171995676280986, 24.908718804695045 60.172684399456294, 24.90626432460825 60.17167213858521, 24.906492882723505 60.16997121775045))",POINT (60.170983458225265 24.908947252908384)
190,891126d0693ffff,"POLYGON ((24.940418842884228 60.18754294248882, 24.94310326132504 60.1868536934471, 24.94556084715733 60.187865617091084, 24.945334027788185 60.18956685301852, 24.942649380036585 60.19025611372508, 24.940191780975443 60.18924412683781, 24.940418842884228 60.18754294248882))",POINT (60.18855490902595 24.94287633174119)
191,891126d304fffff,"POLYGON ((24.915909669162314 60.157698545629835, 24.91859156722101 60.1570094244315, 24.921045665853175 60.15802137125687, 24.920817879418816 60.15972250249547, 24.9181357523887 60.1604116352804, 24.915681640774874 60.15939962523856, 24.915909669162314 60.157698545629835))",POINT (60.158710535271155 24.918363670900906)
192,891126d06b3ffff,"POLYGON ((24.950023420550046 60.193291939067144, 24.952708359240784 60.192602549643745, 24.95516688421939 60.19361440337288, 24.954940483839028 60.19531570977667, 24.95225531578436 60.19600511089315, 24.94979677748447 60.19499319391119, 24.950023420550046 60.193291939067144))",POINT (60.19430383571278 24.952481848555102)
193,891126d3037ffff,"POLYGON ((24.913856614023576 60.17300787190907, 24.916539701153475 60.172319031842484, 24.91899478910604 60.173331162204356, 24.918766802913705 60.17503219584831, 24.916083486601682 60.17572104750232, 24.9136283856746 60.174708853923335, 24.913856614023576 60.17300787190907))",POINT (60.174020045100995 24.916311604988188)
194,891126d3133ffff,"POLYGON ((24.92722392223655 60.18928703688737, 24.929908384922374 60.18859812718949, 24.93236537558991 60.189610244902475, 24.932137916691428 60.191311335543595, 24.929453224638113 60.19200025687164, 24.92699622086124 60.19098807592686, 24.92722392223655 60.18928703688737))",POINT (60.1902991974726 24.92968081587145)
195,891126d316bffff,"POLYGON ((24.938870028200736 60.17972618869575, 24.941553820534708 60.179036857630734, 24.944010758516768 60.18004872239447, 24.943783917383936 60.181749981462275, 24.94109989584032 60.1824393241847, 24.938642944649683 60.18142739618034, 24.938870028200736 60.17972618869575))",POINT (60.180738096340875 24.941326869246314)
196,891126d3013ffff,"POLYGON ((24.902042251895693 60.164544876969494, 24.90472458981687 60.16385618847205, 24.90717842352241 60.16486839015057, 24.906949932177334 60.16656934353013, 24.90426736515823 60.16725804357979, 24.90181351859261 60.166245778696116, 24.902042251895693 60.164544876969494))",POINT (60.1655571214478 24.904495988619157)
197,891126d3397ffff,"POLYGON ((24.927044130174306 60.171264069060065, 24.929727173398394 60.17057488985783, 24.9321828561131 60.17158682638875, 24.93195550870799 60.173288005349, 24.929272236358255 60.173977196173325, 24.926816540549748 60.172965196413756, 24.927044130174306 60.171264069060065))",POINT (60.17227604844197 24.92949971595821)
198,891126d331bffff,"POLYGON ((24.940912784816327 60.164414832776764, 24.943595387368774 60.16372522074834, 24.946051334388663 60.16473690222543, 24.945824692081892 60.16643825896927, 24.9431418605306 60.1671278826542, 24.940685900295378 60.166116137937166, 24.940912784816327 60.164414832776764))",POINT (60.165426557121 24.94336863499402)
199,891126d0687ffff,"POLYGON ((24.947791931042328 60.19057877445805, 24.950476640399945 60.18988939672059, 24.952934847844574 60.19090125268904, 24.952708359240784 60.192602549643745, 24.950023420550046 60.193291939067144, 24.947565199806743 60.19228001984829, 24.947791931042328 60.19057877445805))",POINT (60.19159067333596 24.950250041520796)
200,891126d310fffff,"POLYGON ((24.92790689322284 60.184183854485454, 24.930590959013422 60.183494851065475, 24.933047619281897 60.184506907695486, 24.93282022688193 60.186208030975465, 24.930135931794236 60.18689704602529, 24.92767925841413 60.1858849261637, 24.92790689322284 60.184183854485454))",POINT (60.185195953982955 24.930363456490152)
201,891126d32bbffff,"POLYGON ((24.92172889209434 60.152917912579184, 24.92441045571334 60.152228580847044, 24.92686452830793 60.153240401232885, 24.926637050325198 60.15494161657013, 24.923955257813514 60.15563095990245, 24.92150117218773 60.15461907629575, 24.92172889209434 60.152917912579184))",POINT (60.153929775785514 24.924182867843314)
202,891126d304bffff,"POLYGON ((24.913683990216935 60.15498546354744, 24.916365659335092 60.15429635392854, 24.918819441352273 60.15530830276435, 24.91859156722101 60.1570094244315, 24.915909669162314 60.157698545629835, 24.913455874185853 60.15668653358004, 24.913683990216935 60.15498546354744))",POINT (60.15599745519218 24.916137675347958)
203,891126d3073ffff,"POLYGON ((24.915225517381778 60.16280175195724, 24.917907811681232 60.162112724456186, 24.92036223999964 60.163124732473854, 24.920134387008396 60.16482583120772, 24.917451863667353 60.1655148702956, 24.914997422369662 60.16450279906126, 24.915225517381778 60.16280175195724))",POINT (60.1638138027956 24.917679848775162)
204,891126d30bbffff,"POLYGON ((24.9013559851548 60.16964754961056, 24.904038719430886 60.16895895486499, 24.906492882723505 60.16997121775045, 24.90626432460825 60.17167213858521, 24.903581361163965 60.17236074488325, 24.90112718501366 60.17134841879245, 24.9013559851548 60.16964754961056))",POINT (60.17065985530047 24.90381005143387)
205,891126d31b3ffff,"POLYGON ((24.914029420633767 60.191029580047804, 24.916713927275826 60.1903410096443, 24.91917032255446 60.191353321312334, 24.918942224191426 60.19305426660252, 24.91625748812535 60.19374284860145, 24.91380107985687 60.19273047371316, 24.914029420633767 60.191029580047804))",POINT (60.19204193456713 24.91648571882255)
206,891126d32b7ffff,"POLYGON ((24.921045665853175 60.15802137125687, 24.92372762562071 60.15733213319487, 24.926182027906236 60.158344014772574, 24.925954483463567 60.16004519763178, 24.923272294733167 60.16073444729428, 24.920817879418816 60.15972250249547, 24.921045665853175 60.15802137125687))",POINT (60.1590332956598 24.92349997126169)
207,891126d148fffff,"POLYGON ((24.955456233085084 60.15245856350747, 24.958137998543858 60.15176842512629, 24.960593879115674 60.152779790370595, 24.96036800757822 60.154481357245444, 24.95768601331752 60.155171507317164, 24.955230119406668 60.15416007882189, 24.955456233085084 60.15245856350747))",POINT (60.15346997163034 24.957912016934614)
208,891126d30b7ffff,"POLYGON ((24.90066951787058 60.17475012459067, 24.9033526486179 60.174061623610314, 24.905807141584777 60.1750739476892, 24.905578516670126 60.176774835952386, 24.902895156684295 60.17746334848548, 24.900440650862176 60.176450961201056, 24.90066951787058 60.17475012459067))",POINT (60.17576249147873 24.90312391379241)
209,891126d3357ffff,"POLYGON ((24.943822117658193 60.16202387353916, 24.946504552778304 60.16133415622662, 24.948960486558022 60.16234577446158, 24.948733998468207 60.16404717324959, 24.946051334388663 60.16473690222543, 24.943595387368774 60.16372522074834, 24.943822117658193 60.16202387353916))",POINT (60.163035534643534 24.946277954619735)
210,891126d15d3ffff,"POLYGON ((24.964377784162696 60.1633103831001, 24.96706046501373 60.16262019791401, 24.969517613520072 60.16363155447928, 24.969292094615017 60.16533315948975, 24.96660918483901 60.16602335639487, 24.964152022903498 60.16501193656888, 24.964377784162696 60.1633103831001))",POINT (60.16432178257199 24.966834835917318)
211,891126d1497ffff,"POLYGON ((24.94741072475232 60.15452853426817, 24.95009259617824 60.153838618077586, 24.952548186542767 60.15485011194606, 24.95232191875891 60.156551585247634, 24.949639818483043 60.157241513108055, 24.947184214851454 60.156229955995464, 24.94741072475232 60.15452853426817))",POINT (60.15554007100364 24.94986621835399)
212,891126d3237ffff,"POLYGON ((24.934227986539533 60.156275727793286, 24.93690990228031 60.155586150691654, 24.93936489871707 60.15659783847163, 24.939137992571556 60.15829916658429, 24.936455847924368 60.1589887553211, 24.934000838339582 60.157977004308506, 24.934227986539533 60.156275727793286))",POINT (60.15728745841941 24.936682886156355)
213,891126d3347ffff,"POLYGON ((24.948960486558022 60.16234577446158, 24.95164298317268 60.1616559402016, 24.954099220637875 60.16266749305402, 24.95387297478632 60.16436894341157, 24.951190249220833 60.165058789348784, 24.948733998468207 60.16404717324959, 24.948960486558022 60.16234577446158))",POINT (60.16335737019274 24.951416627221658)
214,891126d315bffff,"POLYGON ((24.924133329898808 60.17365427030484, 24.926816540549748 60.172965196413756, 24.929272236358255 60.173977196173325, 24.929044734595344 60.175678333048886, 24.926361294779344 60.17636741855525, 24.923905585901807 60.17535535556924, 24.924133329898808 60.17365427030484))",POINT (60.174666312913146 24.926588928752523)
215,891126d06c7ffff,"POLYGON ((24.951382815065127 60.18308418147678, 24.9540669597487 60.18239460473433, 24.95652482310001 60.18340633642334, 24.95629855510397 60.18510770810562, 24.953614181197164 60.185797296540535, 24.951156304520133 60.18478550159912, 24.951382815065127 60.18308418147678))",POINT (60.18409595607284 24.953840581505787)
216,891126d3127ffff,"POLYGON ((24.934595224713632 60.19232345109183, 24.937279978488224 60.19163441276093, 24.939737590753367 60.19264646288933, 24.939510462433525 60.19434761458594, 24.93682547926919 60.19503666456806, 24.934367853824885 60.194024551200755, 24.934595224713632 60.19232345109183))",POINT (60.19333554410876 24.937052739955313)
